{
  "Original | Random Forest": {
    "model_name": "Original | Random Forest",
    "train_f1": 0.9855072463768116,
    "test_f1": 0.6666666666666666,
    "train_auc": 0.9998993963782696,
    "test_auc": 0.8893105629348513,
    "train_pr_auc": 0.9998381980300838,
    "test_pr_auc": 0.8589313914094148,
    "test_precision": 0.7307692307692307,
    "test_recall": 0.6129032258064516,
    "cv_auc_mean": 0.8417108182167604,
    "cv_auc_std": 0.035411430279674645
  },
  "Original | Extra Trees": {
    "model_name": "Original | Extra Trees",
    "train_f1": 1.0,
    "test_f1": 0.6875,
    "train_auc": 1.0,
    "test_auc": 0.8997469955724224,
    "train_pr_auc": 1.0,
    "test_pr_auc": 0.8595556345396775,
    "test_precision": 0.6666666666666666,
    "test_recall": 0.7096774193548387,
    "cv_auc_mean": 0.8215711429030854,
    "cv_auc_std": 0.02893519775085498
  },
  "Original | SVM (RBF)": {
    "model_name": "Original | SVM (RBF)",
    "train_f1": 0.8553846153846154,
    "test_f1": 0.6538461538461539,
    "train_auc": 0.9511468812877263,
    "test_auc": 0.8507273877292854,
    "train_pr_auc": 0.9436103385057348,
    "test_pr_auc": 0.8302089489410831,
    "test_precision": 0.8095238095238095,
    "test_recall": 0.5483870967741935,
    "cv_auc_mean": 0.8334198587745375,
    "cv_auc_std": 0.02729002320998209
  },
  "Original | SVM (Linear)": {
    "model_name": "Original | SVM (Linear)",
    "train_f1": 0.9884393063583815,
    "test_f1": 0.7586206896551724,
    "train_auc": 1.0,
    "test_auc": 0.8058191018342821,
    "train_pr_auc": 0.9999999999999999,
    "test_pr_auc": 0.8123518168559567,
    "test_precision": 0.8148148148148148,
    "test_recall": 0.7096774193548387,
    "cv_auc_mean": 0.7883321711046275,
    "cv_auc_std": 0.045084929398724875
  },
  "Original | K-Nearest Neighbors": {
    "model_name": "Original | K-Nearest Neighbors",
    "train_f1": 1.0,
    "test_f1": 0.6415094339622641,
    "train_auc": 1.0,
    "test_auc": 0.833649588867805,
    "train_pr_auc": 1.0,
    "test_pr_auc": 0.7879712684277994,
    "test_precision": 0.7727272727272727,
    "test_recall": 0.5483870967741935,
    "cv_auc_mean": 0.718365757294657,
    "cv_auc_std": 0.05410499738510494
  },
  "Original | Decision Tree": {
    "model_name": "Original | Decision Tree",
    "train_f1": 0.8136645962732919,
    "test_f1": 0.48148148148148145,
    "train_auc": 0.9304426559356137,
    "test_auc": 0.6808981657179001,
    "train_pr_auc": 0.9085956328795985,
    "test_pr_auc": 0.5767518262368332,
    "test_precision": 0.5652173913043478,
    "test_recall": 0.41935483870967744,
    "cv_auc_mean": 0.6480888206239553,
    "cv_auc_std": 0.034071897064212674
  },
  "Original | MLP Neural Network": {
    "model_name": "Original | MLP Neural Network",
    "train_f1": 0.6524822695035462,
    "test_f1": 0.6,
    "train_auc": 0.782092555331992,
    "test_auc": 0.7881087919038583,
    "train_pr_auc": 0.7760498601211689,
    "test_pr_auc": 0.7705638171043782,
    "test_precision": 0.7894736842105263,
    "test_recall": 0.4838709677419355,
    "cv_auc_mean": 0.7991237587381348,
    "cv_auc_std": 0.04938989900557227
  },
  "Original | Deep MLP": {
    "model_name": "Original | Deep MLP",
    "train_f1": 0.8197674418604651,
    "test_f1": 0.711864406779661,
    "train_auc": 0.9325553319919517,
    "test_auc": 0.868437697659709,
    "train_pr_auc": 0.9103747177238087,
    "test_pr_auc": 0.8447918888548482,
    "test_precision": 0.75,
    "test_recall": 0.6774193548387096,
    "cv_auc_mean": 0.8162222448424302,
    "cv_auc_std": 0.02859133045744896
  },
  "Original | AdaBoost": {
    "model_name": "Original | AdaBoost",
    "train_f1": 0.9858356940509915,
    "test_f1": 0.7142857142857143,
    "train_auc": 0.9991146881287726,
    "test_auc": 0.8532574320050601,
    "train_pr_auc": 0.9986582954288256,
    "test_pr_auc": 0.8085462256217623,
    "test_precision": 0.8,
    "test_recall": 0.6451612903225806,
    "cv_auc_mean": 0.8402389940680329,
    "cv_auc_std": 0.02621917875096013
  },
  "Original | Gradient Boosting": {
    "model_name": "Original | Gradient Boosting",
    "train_f1": 1.0,
    "test_f1": 0.7419354838709677,
    "train_auc": 1.0,
    "test_auc": 0.9013282732447817,
    "train_pr_auc": 0.9999999999999999,
    "test_pr_auc": 0.8676790392526365,
    "test_precision": 0.7419354838709677,
    "test_recall": 0.7419354838709677,
    "cv_auc_mean": 0.84878253785,
    "cv_auc_std": 0.03685281156048912
  },
  "Original | Hist Gradient Boosting": {
    "model_name": "Original | Hist Gradient Boosting",
    "train_f1": 0.9942857142857143,
    "test_f1": 0.7719298245614035,
    "train_auc": 0.9998993963782696,
    "test_auc": 0.8931056293485137,
    "train_pr_auc": 0.9998412698412695,
    "test_pr_auc": 0.870025858020015,
    "test_precision": 0.8461538461538461,
    "test_recall": 0.7096774193548387,
    "cv_auc_mean": 0.8446426885513123,
    "cv_auc_std": 0.041935555151957814
  },
  "Original | Bagging": {
    "model_name": "Original | Bagging",
    "train_f1": 0.9942528735632183,
    "test_f1": 0.6181818181818182,
    "train_auc": 0.999989939637827,
    "test_auc": 0.8548387096774194,
    "train_pr_auc": 0.9999675324675324,
    "test_pr_auc": 0.8137086826994424,
    "test_precision": 0.7083333333333334,
    "test_recall": 0.5483870967741935,
    "cv_auc_mean": 0.8596792338210641,
    "cv_auc_std": 0.04296878419050604
  },
  "Original | LDA": {
    "model_name": "Original | LDA",
    "train_f1": 0.9653179190751445,
    "test_f1": 0.6666666666666666,
    "train_auc": 0.9961167002012072,
    "test_auc": 0.7969639468690701,
    "train_pr_auc": 0.9945469297367902,
    "test_pr_auc": 0.7838218465992028,
    "test_precision": 0.7307692307692307,
    "test_recall": 0.6129032258064516,
    "cv_auc_mean": 0.7005010804158944,
    "cv_auc_std": 0.07539044324842549
  },
  "Original | QDA (Regularized)": {
    "model_name": "Original | QDA (Regularized)",
    "train_f1": 0.7804878048780488,
    "test_f1": 0.68,
    "train_auc": 0.9030985915492956,
    "test_auc": 0.875079063883618,
    "train_pr_auc": 0.9122684016535689,
    "test_pr_auc": 0.8185554431309854,
    "test_precision": 0.8947368421052632,
    "test_recall": 0.5483870967741935,
    "cv_auc_mean": 0.7670443339406569,
    "cv_auc_std": 0.013669495588550106
  },
  "Original | LightGBM": {
    "model_name": "Original | LightGBM",
    "train_f1": 1.0,
    "test_f1": 0.7796610169491526,
    "train_auc": 1.0,
    "test_auc": 0.8975332068311196,
    "train_pr_auc": 0.9999999999999997,
    "test_pr_auc": 0.8812730217879878,
    "test_precision": 0.8214285714285714,
    "test_recall": 0.7419354838709677,
    "cv_auc_mean": 0.8418827763367852,
    "cv_auc_std": 0.043936520907410716
  },
  "Original | XGBoost": {
    "model_name": "Original | XGBoost",
    "train_f1": 1.0,
    "test_f1": 0.7586206896551724,
    "train_auc": 1.0,
    "test_auc": 0.8956356736242884,
    "train_pr_auc": 1.0,
    "test_pr_auc": 0.8699709687020977,
    "test_precision": 0.8148148148148148,
    "test_recall": 0.7096774193548387,
    "cv_auc_mean": 0.8594274982505429,
    "cv_auc_std": 0.04374233760142873
  },
  "PCA | Random Forest": {
    "model_name": "PCA | Random Forest",
    "train_f1": 0.9855072463768116,
    "test_f1": 0.7777777777777778,
    "train_auc": 1.0,
    "test_auc": 0.9044908285895003,
    "train_pr_auc": 0.9999999999999999,
    "test_pr_auc": 0.8991482799496195,
    "test_precision": 0.9130434782608695,
    "test_recall": 0.6774193548387096,
    "cv_auc_mean": 0.8589890997636581,
    "cv_auc_std": 0.0259905661815829
  },
  "PCA | Extra Trees": {
    "model_name": "PCA | Extra Trees",
    "train_f1": 1.0,
    "test_f1": 0.72,
    "train_auc": 1.0,
    "test_auc": 0.9063883617963315,
    "train_pr_auc": 0.9999999999999999,
    "test_pr_auc": 0.888219074523919,
    "test_precision": 0.9473684210526315,
    "test_recall": 0.5806451612903226,
    "cv_auc_mean": 0.8502847498924687,
    "cv_auc_std": 0.03863768500847739
  },