{
  "Random Forest": {
    "model_name": "Random Forest",
    "train_accuracy": 1.0,
    "test_accuracy": 0.883183568677792,
    "train_auc": 1.0,
    "test_auc": 0.9078077188826374,
    "test_precision": 0.8189655172413793,
    "test_recall": 0.5757575757575758,
    "test_f1": 0.6761565836298933,
    "cv_auc_mean": 0.9093567388362856,
    "cv_auc_std": 0.0089963929699116
  },
  "Extra Trees": {
    "model_name": "Extra Trees",
    "train_accuracy": 1.0,
    "test_accuracy": 0.8844672657252889,
    "train_auc": 1.0,
    "test_auc": 0.9120225051821143,
    "test_precision": 0.7697841726618705,
    "test_recall": 0.6484848484848484,
    "test_f1": 0.7039473684210527,
    "cv_auc_mean": 0.910490476039454,
    "cv_auc_std": 0.009014271419788831
  },
  "Logistic Regression": {
    "model_name": "Logistic Regression",
    "train_accuracy": 0.8349389852280026,
    "test_accuracy": 0.8292682926829268,
    "train_auc": 0.7831178281833213,
    "test_auc": 0.7493534695489092,
    "test_precision": 0.7222222222222222,
    "test_recall": 0.3151515151515151,
    "test_f1": 0.4388185654008439,
    "cv_auc_mean": 0.7775064124691795,
    "cv_auc_std": 0.007662035107552571
  },
  "SVM (RBF)": {
    "model_name": "SVM (RBF)",
    "train_accuracy": 0.871868978805395,
    "test_accuracy": 0.8498074454428755,
    "train_auc": 0.9037441957169589,
    "test_auc": 0.838515447635969,
    "test_precision": 0.7926829268292683,
    "test_recall": 0.3939393939393939,
    "test_f1": 0.5263157894736842,
    "cv_auc_mean": 0.8602097354910764,
    "cv_auc_std": 0.011685172393163872
  },
  "SVM (Linear)": {
    "model_name": "SVM (Linear)",
    "train_accuracy": 0.8291586384071933,
    "test_accuracy": 0.8215661103979461,
    "train_auc": 0.7784812084789561,
    "test_auc": 0.7535189023788371,
    "test_precision": 0.7321428571428571,
    "test_recall": 0.24848484848484848,
    "test_f1": 0.37104072398190047,
    "cv_auc_mean": 0.7743273363862059,
    "cv_auc_std": 0.006912472920079097
  },
  "K-Nearest Neighbors": {
    "model_name": "K-Nearest Neighbors",
    "train_accuracy": 0.9039820166987798,
    "test_accuracy": 0.8433889602053916,
    "train_auc": 0.961196078334307,
    "test_auc": 0.8464416148455236,
    "test_precision": 0.6972477064220184,
    "test_recall": 0.46060606060606063,
    "test_f1": 0.5547445255474452,
    "cv_auc_mean": 0.865803667736492,
    "cv_auc_std": 0.012188056861395895
  },
  "Naive Bayes": {
    "model_name": "Naive Bayes",
    "train_accuracy": 0.8323699421965318,
    "test_accuracy": 0.8189987163029525,
    "train_auc": 0.7869097947585716,
    "test_auc": 0.7456618300266508,
    "test_precision": 0.6276595744680851,
    "test_recall": 0.3575757575757576,
    "test_f1": 0.4555984555984556,
    "cv_auc_mean": 0.7811282008664531,
    "cv_auc_std": 0.019234946589186196
  },
  "MLP Neural Network": {
    "model_name": "MLP Neural Network",
    "train_accuracy": 0.9540783558124598,
    "test_accuracy": 0.8690629011553274,
    "train_auc": 0.9901104422640912,
    "test_auc": 0.8763596880860725,
    "test_precision": 0.7560975609756098,
    "test_recall": 0.5636363636363636,
    "test_f1": 0.6458333333333334,
    "cv_auc_mean": 0.8794781043659029,
    "cv_auc_std": 0.007111459112642339
  },
  "AdaBoost": {
    "model_name": "AdaBoost",
    "train_accuracy": 0.8477842003853564,
    "test_accuracy": 0.8215661103979461,
    "train_auc": 0.8357935531617873,
    "test_auc": 0.7760685026157339,
    "test_precision": 0.6326530612244898,
    "test_recall": 0.37575757575757573,
    "test_f1": 0.4714828897338403,
    "cv_auc_mean": 0.8080144233582568,
    "cv_auc_std": 0.0058467229820584965
  },
  "LightGBM": {
    "model_name": "LightGBM",
    "train_accuracy": 0.9871547848426461,
    "test_accuracy": 0.8536585365853658,
    "train_auc": 0.9996448125303209,
    "test_auc": 0.8662027440529069,
    "test_precision": 0.7107438016528925,
    "test_recall": 0.5212121212121212,
    "test_f1": 0.6013986013986014,
    "cv_auc_mean": 0.8833223665407073,
    "cv_auc_std": 0.011021230073727534
  },
  "Ensemble (Soft Voting)": {
    "model_name": "Ensemble (Soft Voting)",
    "train_accuracy": 1.0,
    "test_accuracy": 0.858793324775353,
    "train_auc": 1.0,
    "test_auc": 0.8829533116178067,
    "test_precision": 0.7235772357723578,
    "test_recall": 0.5393939393939394,
    "test_f1": 0.6180555555555556,
    "cv_auc_mean": 0.8962543771619812,
    "cv_auc_std": 0.013897580550912647
  }
}